{
    "score": -8.017791361647967,
    "all_trials": [
        {
            "x": [
                0.195254015709299,
                0.2170870357545005,
                1.4041450641074658,
                0.17953273198758746,
                1.3083857592066857,
                0.2606293957332966,
                -0.24965115494922996,
                0.8536736025026554,
                1.952761588651338,
                -0.4662339246968892,
                1.1669001523306584
            ],
            "score": 8.017791361647967
        }
    ],
    "Stdout": "",
    "Error": "",
    "Traceback": "",
    "budget_total": 2000,
    "budget_used": 1,
    "proposal_total": 10,
    "proposal_completed": 1
}