{
    "score": 0.6110056944561972,
    "all_trials": [
        {
            "x": [
                5.4881350392732475,
                7.151893663724195,
                6.027633760716439,
                5.448831829968968
            ],
            "score": -0.6110056944561972
        }
    ],
    "Stdout": "",
    "Error": "",
    "Traceback": "",
    "budget_total": 2000,
    "budget_used": 1,
    "proposal_total": 10,
    "proposal_completed": 1
}