{
    "score": 33.793907850784024,
    "all_trials": [
        {
            "x": [
                0.48813503927324753,
                2.151893663724195,
                1.027633760716439,
                0.4488318299689684,
                -0.7634520066109527
            ],
            "score": -33.793907850784024
        }
    ],
    "Stdout": "",
    "Error": "",
    "Traceback": "",
    "budget_total": 2000,
    "budget_used": 1,
    "proposal_total": 10,
    "proposal_completed": 1
}