{
    "score": -21.622947372056807,
    "all_trials": [
        {
            "x": [
                -34.14237952872102,
                -14.17727603530966,
                -27.66839487140274,
                -34.61401804037237,
                -49.16142407933143
            ],
            "score": 21.622947372056807
        }
    ],
    "Stdout": "",
    "Error": "",
    "Traceback": "",
    "budget_total": 2000,
    "budget_used": 1,
    "proposal_total": 10,
    "proposal_completed": 1
}