{
    "score": -2.433274630214756,
    "all_trials": [
        {
            "x": [
                0.5488135039273248,
                0.7151893663724195
            ],
            "score": 2.433274630214756
        }
    ],
    "Stdout": "",
    "Error": "",
    "Traceback": "",
    "budget_total": 2000,
    "budget_used": 1,
    "proposal_total": 10,
    "proposal_completed": 1
}