{
    "score": -151.2525823200071,
    "all_trials": [
        {
            "x": [
                1.2928810235639485,
                2.2911361982345166,
                1.616580256429863,
                1.2692990979813814,
                0.541928796033428
            ],
            "score": 151.2525823200071
        }
    ],
    "Stdout": "",
    "Error": "",
    "Traceback": "",
    "budget_total": 2000,
    "budget_used": 1,
    "proposal_total": 10,
    "proposal_completed": 1
}